collected_at_utc,mmsi,vessel_name,latitude,longitude,source_url
2026-09-23T13:42:17+00:00,566942000,WAN HAI 517,1.284850,103.762080,https://aisvesseltracker.com/vessel/wan-hai-517-mmsi-566942000-imo-9457660
2026-09-24T05:55:16+00:00,566942000,WAN HAI 517,2.056680,104.888860,https://aisvesseltracker.com/vessel/wan-hai-517-mmsi-566942000-imo-9457660
2026-09-24T06:23:10+00:00,566942000,WAN HAI 517,2.056680,104.888860,https://aisvesseltracker.com/vessel/wan-hai-517-mmsi-566942000-imo-9457660
2026-09-24T13:02:06+00:00,566942000,WAN HAI 517,2.056680,104.888860,https://aisvesseltracker.com/vessel/wan-hai-517-mmsi-566942000-imo-9457660
2026-09-24T18:04:48+00:00,566942000,WAN HAI 517,2.056680,104.888860,https://aisvesseltracker.com/vessel/wan-hai-517-mmsi-566942000-imo-9457660
2026-09-24T22:50:39+00:00,566942000,WAN HAI 517,2.056680,104.888860,https://aisvesseltracker.com/vessel/wan-hai-517-mmsi-566942000-imo-9457660
2026-09-25T02:36:59+00:00,566942000,WAN HAI 517,2.056680,104.888860,https://aisvesseltracker.com/vessel/wan-hai-517-mmsi-566942000-imo-9457660
2026-09-25T09:13:16+00:00,566942000,WAN HAI 517,2.056680,104.888860,https://aisvesseltracker.com/vessel/wan-hai-517-mmsi-566942000-imo-9457660
2026-09-25T14:52:35+00:00,566942000,WAN HAI 517,2.056680,104.888860,https://aisvesseltracker.com/vessel/wan-hai-517-mmsi-566942000-imo-9457660
2026-09-25T19:43:24+00:00,566942000,WAN HAI 517,2.056680,104.888860,https://aisvesseltracker.com/vessel/wan-hai-517-mmsi-566942000-imo-9457660
2026-09-25T22:58:12+00:00,566942000,WAN HAI 517,2.056680,104.888860,https://aisvesseltracker.com/vessel/wan-hai-517-mmsi-566942000-imo-9457660
2026-09-26T02:39:25+00:00,566942000,WAN HAI 517,2.056680,104.888860,https://aisvesseltracker.com/vessel/wan-hai-517-mmsi-566942000-imo-9457660
2026-09-26T08:56:19+00:00,566942000,WAN HAI 517,2.056680,104.888860,https://aisvesseltracker.com/vessel/wan-hai-517-mmsi-566942000-imo-9457660
2026-09-26T13:58:02+00:00,566942000,WAN HAI 517,2.056680,104.888860,https://aisvesseltracker.com/vessel/wan-hai-517-mmsi-566942000-imo-9457660
2026-09-26T17:37:09+00:00,566942000,WAN HAI 517,2.056680,104.888860,https://aisvesseltracker.com/vessel/wan-hai-517-mmsi-566942000-imo-9457660
2026-09-26T20:24:03+00:00,566942000,WAN HAI 517,2.056680,104.888860,https://aisvesseltracker.com/vessel/wan-hai-517-mmsi-566942000-imo-9457660
2026-09-27T00:03:58+00:00,566942000,WAN HAI 517,2.056680,104.888860,https://aisvesseltracker.com/vessel/wan-hai-517-mmsi-566942000-imo-9457660
2026-09-27T07:21:57+00:00,566942000,WAN HAI 517,2.056680,104.888860,https://aisvesseltracker.com/vessel/wan-hai-517-mmsi-566942000-imo-9457660
2026-09-27T13:25:14+00:00,566942000,WAN HAI 517,2.056680,104.888860,https://aisvesseltracker.com/vessel/wan-hai-517-mmsi-566942000-imo-9457660
2026-09-27T17:59:32+00:00,566942000,WAN HAI 517,2.056680,104.888860,https://aisvesseltracker.com/vessel/wan-hai-517-mmsi-566942000-imo-9457660
2026-09-27T21:04:31+00:00,566942000,WAN HAI 517,2.056680,104.888860,https://aisvesseltracker.com/vessel/wan-hai-517-mmsi-566942000-imo-9457660
2026-09-28T00:08:12+00:00,566942000,WAN HAI 517,22.493700,120.196320,https://aisvesseltracker.com/vessel/wan-hai-517-mmsi-566942000-imo-9457660
2026-09-28T08:00:17+00:00,566942000,WAN HAI 517,22.566750,120.239040,https://aisvesseltracker.com/vessel/wan-hai-517-mmsi-566942000-imo-9457660
2026-09-28T17:53:18+00:00,566942000,WAN HAI 517,22.566560,120.237200,https://aisvesseltracker.com/vessel/wan-hai-517-mmsi-566942000-imo-9457660
2026-09-28T22:46:56+00:00,566942000,WAN HAI 517,22.566490,120.238260,https://aisvesseltracker.com/vessel/wan-hai-517-mmsi-566942000-imo-9457660
2026-09-29T03:23:49+00:00,566942000,WAN HAI 517,22.568680,120.239510,https://aisvesseltracker.com/vessel/wan-hai-517-mmsi-566942000-imo-9457660
2026-09-29T10:15:31+00:00,566942000,WAN HAI 517,22.566320,120.238090,https://aisvesseltracker.com/vessel/wan-hai-517-mmsi-566942000-imo-9457660
2026-09-29T17:18:50+00:00,566942000,WAN HAI 517,22.567510,120.235610,https://aisvesseltracker.com/vessel/wan-hai-517-mmsi-566942000-imo-9457660
2026-09-29T21:40:24+00:00,566942000,WAN HAI 517,22.566280,120.237320,https://aisvesseltracker.com/vessel/wan-hai-517-mmsi-566942000-imo-9457660
2026-09-30T00:54:58+00:00,566942000,WAN HAI 517,22.569410,120.236710,https://aisvesseltracker.com/vessel/wan-hai-517-mmsi-566942000-imo-9457660
2026-09-30T07:43:46+00:00,566942000,WAN HAI 517,22.573760,120.307320,https://aisvesseltracker.com/vessel/wan-hai-517-mmsi-566942000-imo-9457660
2026-09-30T14:26:04+00:00,566942000,WAN HAI 517,22.573790,120.307340,https://aisvesseltracker.com/vessel/wan-hai-517-mmsi-566942000-imo-9457660
2026-09-30T20:24:49+00:00,566942000,WAN HAI 517,22.573740,120.307280,https://aisvesseltracker.com/vessel/wan-hai-517-mmsi-566942000-imo-9457660
2026-10-01T00:55:44+00:00,566942000,WAN HAI 517,22.573800,120.307380,https://aisvesseltracker.com/vessel/wan-hai-517-mmsi-566942000-imo-9457660
2026-10-01T08:03:24+00:00,566942000,WAN HAI 517,22.521070,119.940770,https://aisvesseltracker.com/vessel/wan-hai-517-mmsi-566942000-imo-9457660
2026-10-01T16:47:50+00:00,566942000,WAN HAI 517,22.521070,119.940770,https://aisvesseltracker.com/vessel/wan-hai-517-mmsi-566942000-imo-9457660
2026-10-01T22:08:50+00:00,566942000,WAN HAI 517,22.521070,119.940770,https://aisvesseltracker.com/vessel/wan-hai-517-mmsi-566942000-imo-9457660
2026-10-02T03:14:32+00:00,566942000,WAN HAI 517,22.149400,114.231360,https://aisvesseltracker.com/vessel/wan-hai-517-mmsi-566942000-imo-9457660
2026-10-02T10:10:01+00:00,566942000,WAN HAI 517,22.335960,114.125380,https://aisvesseltracker.com/vessel/wan-hai-517-mmsi-566942000-imo-9457660
2026-10-02T17:04:53+00:00,566942000,WAN HAI 517,22.335980,114.125380,https://aisvesseltracker.com/vessel/wan-hai-517-mmsi-566942000-imo-9457660
2026-10-02T21:36:35+00:00,566942000,WAN HAI 517,22.335960,114.125350,https://aisvesseltracker.com/vessel/wan-hai-517-mmsi-566942000-imo-9457660
2026-10-03T00:49:51+00:00,566942000,WAN HAI 517,22.335960,114.125520,https://aisvesseltracker.com/vessel/wan-hai-517-mmsi-566942000-imo-9457660
2026-10-03T07:19:48+00:00,566942000,WAN HAI 517,22.336000,114.125460,https://aisvesseltracker.com/vessel/wan-hai-517-mmsi-566942000-imo-9457660
2026-10-03T12:52:45+00:00,566942000,WAN HAI 517,22.053390,114.130630,https://aisvesseltracker.com/vessel/wan-hai-517-mmsi-566942000-imo-9457660
2026-10-03T17:41:30+00:00,566942000,WAN HAI 517,22.052610,114.129980,https://aisvesseltracker.com/vessel/wan-hai-517-mmsi-566942000-imo-9457660
2026-10-03T20:21:50+00:00,566942000,WAN HAI 517,22.052400,114.133600,https://aisvesseltracker.com/vessel/wan-hai-517-mmsi-566942000-imo-9457660
2026-10-04T00:14:52+00:00,566942000,WAN HAI 517,22.077690,114.164150,https://aisvesseltracker.com/vessel/wan-hai-517-mmsi-566942000-imo-9457660
2026-10-04T07:35:44+00:00,566942000,WAN HAI 517,22.447110,113.887710,https://aisvesseltracker.com/vessel/wan-hai-517-mmsi-566942000-imo-9457660
2026-10-04T13:34:17+00:00,566942000,WAN HAI 517,22.447110,113.887750,https://aisvesseltracker.com/vessel/wan-hai-517-mmsi-566942000-imo-9457660
2026-10-04T17:55:18+00:00,566942000,WAN HAI 517,22.447060,113.887720,https://aisvesseltracker.com/vessel/wan-hai-517-mmsi-566942000-imo-9457660
2026-10-04T20:41:10+00:00,566942000,WAN HAI 517,22.447060,113.887730,https://aisvesseltracker.com/vessel/wan-hai-517-mmsi-566942000-imo-9457660
2026-10-05T00:19:39+00:00,566942000,WAN HAI 517,22.447080,113.887730,https://aisvesseltracker.com/vessel/wan-hai-517-mmsi-566942000-imo-9457660
2026-10-05T07:58:13+00:00,566942000,WAN HAI 517,22.447090,113.887800,https://aisvesseltracker.com/vessel/wan-hai-517-mmsi-566942000-imo-9457660
2026-10-05T16:49:53+00:00,566942000,WAN HAI 517,22.072390,114.346160,https://aisvesseltracker.com/vessel/wan-hai-517-mmsi-566942000-imo-9457660
2026-10-05T23:29:49+00:00,566942000,WAN HAI 517,22.051690,114.341820,https://aisvesseltracker.com/vessel/wan-hai-517-mmsi-566942000-imo-9457660
2026-10-06T03:57:39+00:00,566942000,WAN HAI 517,22.051690,114.341820,https://aisvesseltracker.com/vessel/wan-hai-517-mmsi-566942000-imo-9457660
2026-10-06T11:00:25+00:00,566942000,WAN HAI 517,22.051690,114.341820,https://aisvesseltracker.com/vessel/wan-hai-517-mmsi-566942000-imo-9457660
2026-10-06T17:37:57+00:00,566942000,WAN HAI 517,22.051690,114.341820,https://aisvesseltracker.com/vessel/wan-hai-517-mmsi-566942000-imo-9457660
2026-10-06T22:02:29+00:00,566942000,WAN HAI 517,22.051690,114.341820,https://aisvesseltracker.com/vessel/wan-hai-517-mmsi-566942000-imo-9457660
2026-10-07T03:25:30+00:00,566942000,WAN HAI 517,22.051690,114.341820,https://aisvesseltracker.com/vessel/wan-hai-517-mmsi-566942000-imo-9457660
2026-10-07T10:42:42+00:00,566942000,WAN HAI 517,22.051690,114.341820,https://aisvesseltracker.com/vessel/wan-hai-517-mmsi-566942000-imo-9457660
2026-10-07T18:09:51+00:00,566942000,WAN HAI 517,22.051690,114.341820,https://aisvesseltracker.com/vessel/wan-hai-517-mmsi-566942000-imo-9457660
2026-10-07T23:56:18+00:00,566942000,WAN HAI 517,22.051690,114.341820,https://aisvesseltracker.com/vessel/wan-hai-517-mmsi-566942000-imo-9457660
2026-10-08T04:01:01+00:00,566942000,WAN HAI 517,22.051690,114.341820,https://aisvesseltracker.com/vessel/wan-hai-517-mmsi-566942000-imo-9457660
2026-10-08T12:30:22+00:00,566942000,WAN HAI 517,22.051690,114.341820,https://aisvesseltracker.com/vessel/wan-hai-517-mmsi-566942000-imo-9457660
2026-10-09T00:03:34+00:00,566942000,WAN HAI 517,22.051690,114.341820,https://aisvesseltracker.com/vessel/wan-hai-517-mmsi-566942000-imo-9457660
2026-10-09T08:12:02+00:00,566942000,WAN HAI 517,22.051690,114.341820,https://aisvesseltracker.com/vessel/wan-hai-517-mmsi-566942000-imo-9457660
2026-10-09T16:43:05+00:00,566942000,WAN HAI 517,22.051690,114.341820,https://aisvesseltracker.com/vessel/wan-hai-517-mmsi-566942000-imo-9457660
2026-10-09T22:01:54+00:00,566942000,WAN HAI 517,22.051690,114.341820,https://aisvesseltracker.com/vessel/wan-hai-517-mmsi-566942000-imo-9457660
2026-10-10T03:28:24+00:00,566942000,WAN HAI 517,22.051690,114.341820,https://aisvesseltracker.com/vessel/wan-hai-517-mmsi-566942000-imo-9457660
2026-10-10T10:16:34+00:00,566942000,WAN HAI 517,22.051690,114.341820,https://aisvesseltracker.com/vessel/wan-hai-517-mmsi-566942000-imo-9457660
2026-10-10T16:38:16+00:00,566942000,WAN HAI 517,22.051690,114.341820,https://aisvesseltracker.com/vessel/wan-hai-517-mmsi-566942000-imo-9457660
2026-10-10T20:54:36+00:00,566942000,WAN HAI 517,22.051690,114.341820,https://aisvesseltracker.com/vessel/wan-hai-517-mmsi-566942000-imo-9457660
